id,created_at,fullName,email,nationalId,nationality,countryFlag
1,2026-03-15T08:10:12Z,John Smith,john.smith@email.com,A1234567,United States,🇺🇸
2,2026-03-15T08:12:45Z,Aisha Khan,aisha.khan@email.com,PAK7845123,Pakistan,🇵🇰
3,2026-03-15T08:15:03Z,Michael Brown,michael.brown@email.com,UK998812,United Kingdom,🇬🇧
4,2026-03-15T08:17:21Z,Sara Ahmed,sara.ahmed@email.com,PAK556677,Pakistan,🇵🇰
5,2026-03-15T08:20:54Z,Ali Hassan,ali.hassan@email.com,PAK332211,Pakistan,🇵🇰
6,2026-03-15T08:25:11Z,Emma Wilson,emma.wilson@email.com,AUS667788,Australia,🇦🇺
7,2026-03-15T08:29:37Z,Carlos Rodriguez,carlos.r@email.com,ESP334455,Spain,🇪🇸
8,2026-03-15T08:32:02Z,Chen Wei,chen.wei@email.com,CHN556644,China,🇨🇳
9,2026-03-15T08:35:16Z,David Miller,david.miller@email.com,USA998877,United States,🇺🇸
10,2026-03-15T08:38:41Z,Fatima Noor,fatima.noor@email.com,PAK112233,Pakistan,🇵🇰
